"0","# Variáveis"
"0","#String"
"0","Var_String <- ""Campus Natal"""
"0","Var_String"
"1","[1]"
"1"," ""Campus Natal"""
"1","
"
"0","#Numérica"
"0","Var_Numerica <- 5"
"0","Var_Numerica"
"1","[1]"
"1"," 5"
"1","
"
"0","#Array de 2 à 15"
"0","Var_10ate20 <- 10:20"
"0","Var_10ate20"
"1"," [1]"
"1"," 10"
"1"," 11"
"1"," 12"
"1"," 13"
"1"," 14"
"1"," 15"
"1"," 16"
"1"," 17"
"1"," 18"
"1"," 19"
"1"," 20"
"1","
"
"0","#Terceira posição do vetor"
"0","Var_10ate20[3]"
"1","[1]"
"1"," 12"
"1","
"
"0","#DataFrame"
"0","Nome <- c(""Aluno 1"",""Aluno 2"",""Aluno 3"",""Aluno 4"",""Aluno 5"")"
"0","Notas <- c(8, 6.5, 7, 9.2, 4)"
"0"," "
"0","df_alunos <- data_frame(Nome, Notas)"
"0","View(df_alunos)"
