{"chunk_definitions":[{"chunk_id":"c0jytbe27471i","chunk_label":"unnamed-chunk-2","document_id":"77FAF843","expansion_state":0,"options":{"engine":"r","label":"unnamed-chunk-1"},"row":35,"row_count":1,"visible":true},{"chunk_id":"cjzeid4rfjiay","chunk_label":"unnamed-chunk-3","document_id":"77FAF843","expansion_state":0,"options":{"engine":"r","label":"unnamed-chunk-2"},"row":63,"row_count":1,"visible":true},{"chunk_id":"cy32vzbmgbzpn","chunk_label":"unnamed-chunk-4","document_id":"77FAF843","expansion_state":0,"options":{"engine":"r","label":"unnamed-chunk-3"},"row":77,"row_count":1,"visible":true},{"chunk_id":"c8oxmi2dwv4fg","chunk_label":"unnamed-chunk-5","document_id":"77FAF843","expansion_state":0,"options":{"engine":"r","label":"unnamed-chunk-5"},"row":84,"row_count":1,"visible":true},{"chunk_id":"co4l9owlmj0rl","chunk_label":"unnamed-chunk-6","document_id":"77FAF843","expansion_state":0,"options":{"engine":"r","label":"unnamed-chunk-6"},"row":94,"row_count":1,"visible":true},{"chunk_id":"cbwwfgn9lshm2","chunk_label":"unnamed-chunk-7","document_id":"77FAF843","expansion_state":0,"options":{"engine":"r","label":"unnamed-chunk-7"},"row":103,"row_count":1,"visible":true}],"doc_write_time":1523496757}