{"chunk_definitions":[{"chunk_id":"cpdwnw5jk89qc","chunk_label":"unnamed-chunk-2","document_id":"C3F8B22F","expansion_state":0,"options":{"engine":"r","label":"unnamed-chunk-1"},"row":46,"row_count":1,"visible":true},{"chunk_id":"c2e37sp42875i","chunk_label":"unnamed-chunk-3","document_id":"C3F8B22F","expansion_state":0,"options":{"engine":"r","label":"unnamed-chunk-9"},"row":68,"row_count":1,"visible":true},{"chunk_id":"cc17zju0flww5","chunk_label":"unnamed-chunk-4","document_id":"C3F8B22F","expansion_state":0,"options":{"engine":"r","label":"unnamed-chunk-2"},"row":111,"row_count":1,"visible":true},{"chunk_id":"cmdc5fwfbleni","chunk_label":"unnamed-chunk-5","document_id":"C3F8B22F","expansion_state":0,"options":{"engine":"r","label":"unnamed-chunk-10"},"row":127,"row_count":1,"visible":true},{"chunk_id":"co9nmpvrn9ggj","chunk_label":"unnamed-chunk-6","document_id":"C3F8B22F","expansion_state":0,"options":{"engine":"r","label":"unnamed-chunk-11"},"row":151,"row_count":1,"visible":true},{"chunk_id":"crer31utonsle","chunk_label":"unnamed-chunk-7","document_id":"C3F8B22F","expansion_state":0,"options":{"engine":"r","label":"unnamed-chunk-18"},"row":164,"row_count":1,"visible":true},{"chunk_id":"cf14nl6s0yehu","chunk_label":"unnamed-chunk-8","document_id":"C3F8B22F","expansion_state":0,"options":{"engine":"r","label":"unnamed-chunk-19"},"row":173,"row_count":1,"visible":true},{"chunk_id":"c31l1d89nqpkd","chunk_label":"unnamed-chunk-9","document_id":"C3F8B22F","expansion_state":0,"options":{"engine":"r","label":"unnamed-chunk-25"},"row":194,"row_count":1,"visible":true}],"doc_write_time":1523499206}